COUNTY_ID,COUNTY_ID_NM,TOWN_ID,TOWN_ID_NM,fld0101,fld0201,fld0301,fld0401,INFO_TIME
縣市代碼,縣市名稱,鄉鎮市區代碼,鄉鎮市區名稱,戶數,人口數,男性人口數,女性人口數,資料時間
"10002","宜蘭縣","10002100","三星鄉",7905,21146,11489,9657,"102Y9M"
"10002","宜蘭縣","10002110","大同鄉",1865,5969,3253,2716,"102Y9M"
"10002","宜蘭縣","10002090","五結鄉",13729,39158,20281,18877,"102Y9M"
"10002","宜蘭縣","10002080","冬山鄉",18362,53658,27558,26100,"102Y9M"
"10002","宜蘭縣","10002060","壯圍鄉",8379,24482,12979,11503,"102Y9M"
"10002","宜蘭縣","10002010","宜蘭市",34856,96151,47113,49038,"102Y9M"
"10002","宜蘭縣","10002120","南澳鄉",1869,5898,3132,2766,"102Y9M"
"10002","宜蘭縣","10002070","員山鄉",11179,32218,17194,15024,"102Y9M"
"10002","宜蘭縣","10002040","頭城鎮",9994,30089,15555,14534,"102Y9M"
"10002","宜蘭縣","10002050","礁溪鄉",13068,36000,18844,17156,"102Y9M"
"10002","宜蘭縣","10002020","羅東鎮",25592,72312,34521,37791,"102Y9M"
"10002","宜蘭縣","10002030","蘇澳鎮",13849,41499,21178,20321,"102Y9M"
"10015","花蓮縣","10015030","玉里鎮",8943,25786,13875,11911,"102Y9M"
"10015","花蓮縣","10015070","光復鄉",5029,13491,7189,6302,"102Y9M"
"10015","花蓮縣","10015050","吉安鄉",30544,82095,41747,40348,"102Y9M"
"10015","花蓮縣","10015110","秀林鄉",4711,15199,7873,7326,"102Y9M"
"10015","花蓮縣","10015130","卓溪鄉",1663,6126,3389,2737,"102Y9M"
"10015","花蓮縣","10015010","花蓮市",41163,107329,52269,55060,"102Y9M"
"10015","花蓮縣","10015100","富里鄉",4006,11008,6005,5003,"102Y9M"
"10015","花蓮縣","10015040","新城鄉",7440,20116,10412,9704,"102Y9M"
"10015","花蓮縣","10015090","瑞穗鄉",4654,12204,6572,5632,"102Y9M"
"10015","花蓮縣","10015120","萬榮鄉",2084,6511,3475,3036,"102Y9M"
"10015","花蓮縣","10015060","壽豐鄉",6891,18103,9768,8335,"102Y9M"
"10015","花蓮縣","10015020","鳳林鎮",4425,11454,6050,5404,"102Y9M"
"10015","花蓮縣","10015080","豐濱鄉",1748,4617,2572,2045,"102Y9M"
"09020","金門縣","09020020","金沙鎮",5885,18321,9119,9202,"102Y9M"
"09020","金門縣","09020010","金城鎮",12205,38555,19389,19166,"102Y9M"
"09020","金門縣","09020030","金湖鎮",8081,25744,13044,12700,"102Y9M"
"09020","金門縣","09020040","金寧鄉",7155,24642,12534,12108,"102Y9M"
"09020","金門縣","09020050","烈嶼鄉",2911,11020,5438,5582,"102Y9M"
"09020","金門縣","09020060","烏坵鄉",134,642,320,322,"102Y9M"
"10008","南投縣","10008080","中寮鄉",5664,15765,8549,7216,"102Y9M"
"10008","南投縣","10008130","仁愛鄉",4956,15657,8109,7548,"102Y9M"
"10008","南投縣","10008110","水里鄉",7280,19146,10041,9105,"102Y9M"
"10008","南投縣","10008060","名間鄉",12496,40476,21250,19226,"102Y9M"
"10008","南投縣","10008040","竹山鎮",19879,57170,29384,27786,"102Y9M"
"10008","南投縣","10008120","信義鄉",5256,16714,8999,7715,"102Y9M"
"10008","南投縣","10008010","南投市",34110,102953,51679,51274,"102Y9M"
"10008","南投縣","10008020","埔里鎮",28826,83978,42195,41783,"102Y9M"
"10008","南投縣","10008030","草屯鎮",32128,99299,50177,49122,"102Y9M"
"10008","南投縣","10008100","國姓鄉",7273,19964,10831,9133,"102Y9M"
"10008","南投縣","10008090","魚池鄉",5785,16710,8762,7948,"102Y9M"
"10008","南投縣","10008070","鹿谷鄉",7289,18693,9919,8774,"102Y9M"
"10008","南投縣","10008050","集集鎮",4357,11459,5978,5481,"102Y9M"
"10013","屏東縣","10013080","九如鄉",6748,22457,11639,10818,"102Y9M"
"10013","屏東縣","10013260","三地門鄉",2247,7552,3839,3713,"102Y9M"
"10013","屏東縣","10013130","內埔鄉",18291,56749,29422,27327,"102Y9M"
"10013","屏東縣","10013140","竹田鄉",5624,17833,9484,8349,"102Y9M"
"10013","屏東縣","10013330","牡丹鄉",1881,4794,2476,2318,"102Y9M"
"10013","屏東縣","10013230","車城鄉",3475,9119,4915,4204,"102Y9M"
"10013","屏東縣","10013090","里港鄉",8044,26440,13447,12993,"102Y9M"
"10013","屏東縣","10013210","佳冬鄉",7103,20624,10715,9909,"102Y9M"
"10013","屏東縣","10013300","來義鄉",2223,7606,3887,3719,"102Y9M"
"10013","屏東縣","10013250","枋山鄉",2125,5778,3093,2685,"102Y9M"
"10013","屏東縣","10013160","枋寮鄉",8574,25722,13482,12240,"102Y9M"
"10013","屏東縣","10013030","東港鎮",16152,48825,24669,24156,"102Y9M"
"10013","屏東縣","10013190","林邊鄉",7079,19638,10111,9527,"102Y9M"
"10013","屏東縣","10013060","長治鄉",9932,30498,15939,14559,"102Y9M"
"10013","屏東縣","10013200","南州鄉",3674,11162,5717,5445,"102Y9M"
"10013","屏東縣","10013010","屏東市",73249,206552,102615,103937,"102Y9M"
"10013","屏東縣","10013040","恆春鎮",11131,30686,15714,14972,"102Y9M"
"10013","屏東縣","10013310","春日鄉",1329,4823,2482,2341,"102Y9M"
"10013","屏東縣","10013180","崁頂鄉",4376,16411,8328,8083,"102Y9M"
"10013","屏東縣","10013290","泰武鄉",1258,5104,2685,2419,"102Y9M"
"10013","屏東縣","10013220","琉球鄉",4113,12153,6740,5413,"102Y9M"
"10013","屏東縣","10013110","高樹鄉",9425,25785,13752,12033,"102Y9M"
"10013","屏東縣","10013150","新埤鄉",3406,10238,5448,4790,"102Y9M"
"10013","屏東縣","10013170","新園鄉",11689,37199,19257,17942,"102Y9M"
"10013","屏東縣","10013320","獅子鄉",1506,4755,2472,2283,"102Y9M"
"10013","屏東縣","10013050","萬丹鄉",14619,52696,27300,25396,"102Y9M"
"10013","屏東縣","10013120","萬巒鄉",6458,21230,11169,10061,"102Y9M"
"10013","屏東縣","10013240","滿州鄉",3044,8153,4500,3653,"102Y9M"
"10013","屏東縣","10013280","瑪家鄉",1949,6581,3403,3178,"102Y9M"
"10013","屏東縣","10013020","潮州鎮",18845,55336,27777,27559,"102Y9M"
"10013","屏東縣","10013270","霧臺鄉",1044,3149,1640,1509,"102Y9M"
"10013","屏東縣","10013070","麟洛鄉",3677,11294,5850,5444,"102Y9M"
"10013","屏東縣","10013100","鹽埔鄉",7821,26665,13877,12788,"102Y9M"
"10005","苗栗縣","10005130","三義鄉",5427,17418,9126,8292,"102Y9M"
"10005","苗栗縣","10005160","三灣鄉",2430,7133,3900,3233,"102Y9M"
"10005","苗栗縣","10005080","大湖鄉",5428,15737,8348,7389,"102Y9M"
"10005","苗栗縣","10005090","公館鄉",10552,34818,18138,16680,"102Y9M"
"10005","苗栗縣","10005040","竹南鎮",26306,82096,41605,40491,"102Y9M"
"10005","苗栗縣","10005140","西湖鄉",2710,7653,4252,3401,"102Y9M"
"10005","苗栗縣","10005070","卓蘭鎮",6152,18417,9681,8736,"102Y9M"
"10005","苗栗縣","10005110","南庄鄉",3981,10769,5914,4855,"102Y9M"
"10005","苗栗縣","10005060","後龍鎮",11874,38465,20232,18233,"102Y9M"
"10005","苗栗縣","10005010","苗栗市",30236,91015,45589,45426,"102Y9M"
"10005","苗栗縣","10005020","苑裡鎮",14218,48458,25156,23302,"102Y9M"
"10005","苗栗縣","10005180","泰安鄉",1971,5945,3188,2757,"102Y9M"
"10005","苗栗縣","10005030","通霄鎮",11518,37183,19663,17520,"102Y9M"
"10005","苗栗縣","10005150","造橋鄉",4120,13537,7118,6419,"102Y9M"
"10005","苗栗縣","10005170","獅潭鄉",1720,4725,2642,2083,"102Y9M"
"10005","苗栗縣","10005100","銅鑼鄉",6117,19082,10132,8950,"102Y9M"
"10005","苗栗縣","10005050","頭份鎮",32161,101269,51237,50032,"102Y9M"
"10005","苗栗縣","10005120","頭屋鄉",3613,11387,5994,5393,"102Y9M"
"10003","桃園縣","10003080","八德市",61627,179358,90764,88594,"102Y9M"
"10003","桃園縣","10003060","大園鄉",27839,83384,43011,40373,"102Y9M"
"10003","桃園縣","10003030","大溪鎮",30321,91969,47333,44636,"102Y9M"
"10003","桃園縣","10003020","中壢市",135343,378233,188182,190051,"102Y9M"
"10003","桃園縣","10003100","平鎮市",70629,211028,105850,105178,"102Y9M"
"10003","桃園縣","10003010","桃園市",152707,415166,202984,212182,"102Y9M"
"10003","桃園縣","10003130","復興鄉",3707,10618,5889,4729,"102Y9M"
"10003","桃園縣","10003110","新屋鄉",15250,48025,25712,22313,"102Y9M"
"10003","桃園縣","10003040","楊梅市",52237,155347,78854,76493,"102Y9M"
"10003","桃園縣","10003090","龍潭鄉",38316,115453,58496,56957,"102Y9M"
"10003","桃園縣","10003070","龜山鄉",52961,140394,70761,69633,"102Y9M"
"10003","桃園縣","10003050","蘆竹鄉",52360,148769,74406,74363,"102Y9M"
"10003","桃園縣","10003120","觀音鄉",20208,62885,32999,29886,"102Y9M"
"64000","高雄市","64000050","三民區",133955,348708,169730,178978,"102Y9M"
"64000","高雄市","64000160","大社區",12276,33961,17390,16571,"102Y9M"
"64000","高雄市","64000140","大寮區",40187,110288,56985,53303,"102Y9M"
"64000","高雄市","64000150","大樹區",13220,43319,22363,20956,"102Y9M"
"64000","高雄市","64000110","小港區",65514,156017,77982,78035,"102Y9M"
"64000","高雄市","64000170","仁武區",29183,78863,40419,38444,"102Y9M"
"64000","高雄市","64000350","內門區",5075,15389,8378,7011,"102Y9M"
"64000","高雄市","64000320","六龜區",5698,13968,7544,6424,"102Y9M"
"64000","高雄市","64000030","左營區",76324,195389,95308,100081,"102Y9M"
"64000","高雄市","64000270","永安區",5825,14137,7133,7004,"102Y9M"
"64000","高雄市","64000220","田寮區",3451,7758,4317,3441,"102Y9M"
"64000","高雄市","64000330","甲仙區",2379,6480,3452,3028,"102Y9M"
"64000","高雄市","64000340","杉林區",4826,12603,6868,5735,"102Y9M"
"64000","高雄市","64000380","那瑪夏區",867,3144,1633,1511,"102Y9M"
"64000","高雄市","64000190","岡山區",34251,97854,48813,49041,"102Y9M"
"64000","高雄市","64000130","林園區",25150,70360,35891,34469,"102Y9M"
"64000","高雄市","64000230","阿蓮區",9371,29852,15057,14795,"102Y9M"
"64000","高雄市","64000070","前金區",12591,28090,13611,14479,"102Y9M"
"64000","高雄市","64000090","前鎮區",77565,195071,96432,98639,"102Y9M"
"64000","高雄市","64000310","美濃區",14438,41770,21800,19970,"102Y9M"
"64000","高雄市","64000260","茄萣區",10352,30852,16012,14840,"102Y9M"
"64000","高雄市","64000360","茂林區",581,1820,918,902,"102Y9M"
"64000","高雄市","64000080","苓雅區",72351,178009,86260,91749,"102Y9M"
"64000","高雄市","64000370","桃源區",1335,4433,2338,2095,"102Y9M"
"64000","高雄市","64000290","梓官區",12369,36391,18830,17561,"102Y9M"
"64000","高雄市","64000180","鳥松區",17345,43749,22235,21514,"102Y9M"
"64000","高雄市","64000250","湖內區",10127,29188,14998,14190,"102Y9M"
"64000","高雄市","64000060","新興區",22813,53261,25723,27538,"102Y9M"
"64000","高雄市","64000040","楠梓區",64927,177191,87673,89518,"102Y9M"
"64000","高雄市","64000240","路竹區",16440,53051,27107,25944,"102Y9M"
"64000","高雄市","64000020","鼓山區",54777,134771,65503,69268,"102Y9M"
"64000","高雄市","64000300","旗山區",13890,38678,20054,18624,"102Y9M"
"64000","高雄市","64000100","旗津區",10953,29050,15040,14010,"102Y9M"
"64000","高雄市","64000120","鳳山區",133920,352307,174051,178256,"102Y9M"
"64000","高雄市","64000200","橋頭區",13090,36999,18879,18120,"102Y9M"
"64000","高雄市","64000210","燕巢區",10257,30595,16270,14325,"102Y9M"
"64000","高雄市","64000280","彌陀區",6682,19949,10354,9595,"102Y9M"
"64000","高雄市","64000010","鹽埕區",10985,25931,12942,12989,"102Y9M"
"10017","基隆市","10017020","七堵區",20636,54073,27392,26681,"102Y9M"
"10017","基隆市","10017050","中山區",19340,49422,25200,24222,"102Y9M"
"10017","基隆市","10017010","中正區",22370,53672,27478,26194,"102Y9M"
"10017","基隆市","10017040","仁愛區",19611,47184,23230,23954,"102Y9M"
"10017","基隆市","10017060","安樂區",32108,82051,40890,41161,"102Y9M"
"10017","基隆市","10017070","信義區",20656,51191,25570,25621,"102Y9M"
"10017","基隆市","10017030","暖暖區",14888,37820,19151,18669,"102Y9M"
"09007","連江縣","09007020","北竿鄉",455,2242,1240,1002,"102Y9M"
"09007","連江縣","09007040","東引鄉",293,1164,684,480,"102Y9M"
"09007","連江縣","09007010","南竿鄉",1381,7206,4060,3146,"102Y9M"
"09007","連江縣","09007030","莒光鄉",269,1429,838,591,"102Y9M"
"10009","雲林縣","10009110","二崙鄉",8917,28765,15359,13406,"102Y9M"
"10009","雲林縣","10009190","口湖鄉",9669,29428,15648,13780,"102Y9M"
"10009","雲林縣","10009050","土庫鎮",9061,29822,15596,14226,"102Y9M"
"10009","雲林縣","10009080","大埤鄉",6774,20340,10930,9410,"102Y9M"
"10009","雲林縣","10009170","元長鄉",9457,27670,15095,12575,"102Y9M"
"10009","雲林縣","10009010","斗六市",36581,108037,54061,53976,"102Y9M"
"10009","雲林縣","10009020","斗南鎮",15601,46354,23562,22792,"102Y9M"
"10009","雲林縣","10009200","水林鄉",10338,27357,14987,12370,"102Y9M"
"10009","雲林縣","10009060","北港鎮",15868,42138,21932,20206,"102Y9M"
"10009","雲林縣","10009070","古坑鄉",10864,32945,17381,15564,"102Y9M"
"10009","雲林縣","10009180","四湖鄉",9063,25642,13908,11734,"102Y9M"
"10009","雲林縣","10009040","西螺鎮",14351,47534,24190,23344,"102Y9M"
"10009","雲林縣","10009140","東勢鄉",5800,15906,8711,7195,"102Y9M"
"10009","雲林縣","10009100","林內鄉",5877,19269,10066,9203,"102Y9M"
"10009","雲林縣","10009030","虎尾鎮",23743,70584,35848,34736,"102Y9M"
"10009","雲林縣","10009120","崙背鄉",8509,26320,13895,12425,"102Y9M"
"10009","雲林縣","10009130","麥寮鄉",13529,42070,21425,20645,"102Y9M"
"10009","雲林縣","10009090","莿桐鄉",9234,29815,15649,14166,"102Y9M"
"10009","雲林縣","10009160","臺西鄉",8823,24851,13365,11486,"102Y9M"
"10009","雲林縣","10009150","褒忠鄉",4411,13727,7350,6377,"102Y9M"
"65000","新北市","65000230","八里區",13232,36079,18179,17900,"102Y9M"
"65000","新北市","65000210","三芝區",9165,23441,12079,11362,"102Y9M"
"65000","新北市","65000020","三重區",145415,389705,193098,196607,"102Y9M"
"65000","新北市","65000090","三峽區",39282,109549,55403,54146,"102Y9M"
"65000","新北市","65000130","土城區",85013,239452,118986,120466,"102Y9M"
"65000","新北市","65000030","中和區",160770,416048,203928,212120,"102Y9M"
"65000","新北市","65000150","五股區",28591,81608,41248,40360,"102Y9M"
"65000","新北市","65000240","平溪區",2379,5021,2796,2225,"102Y9M"
"65000","新北市","65000040","永和區",90743,229609,109602,120007,"102Y9M"
"65000","新北市","65000220","石門區",4249,12763,6660,6103,"102Y9M"
"65000","新北市","65000190","石碇區",3362,7852,4324,3528,"102Y9M"
"65000","新北市","65000110","汐止區",83137,194020,95447,98573,"102Y9M"
"65000","新北市","65000200","坪林區",2483,6472,3627,2845,"102Y9M"
"65000","新北市","65000170","林口區",35773,93276,45872,47404,"102Y9M"
"65000","新北市","65000010","板橋區",203327,556843,273444,283399,"102Y9M"
"65000","新北市","65000270","金山區",6930,22346,11129,11217,"102Y9M"
"65000","新北市","65000160","泰山區",27232,77837,38869,38968,"102Y9M"
"65000","新北市","65000290","烏來區",1758,5992,2977,3015,"102Y9M"
"65000","新北市","65000260","貢寮區",4453,13320,6834,6486,"102Y9M"
"65000","新北市","65000100","淡水區",64915,154239,74505,79734,"102Y9M"
"65000","新北市","65000180","深坑區",9255,23614,11850,11764,"102Y9M"
"65000","新北市","65000060","新店區",120713,298390,144896,153494,"102Y9M"
"65000","新北市","65000050","新莊區",144132,409240,201281,207959,"102Y9M"
"65000","新北市","65000120","瑞芳區",16025,41566,21049,20517,"102Y9M"
"65000","新北市","65000280","萬里區",7301,22547,11419,11128,"102Y9M"
"65000","新北市","65000070","樹林區",64201,183152,91741,91411,"102Y9M"
"65000","新北市","65000250","雙溪區",3865,9398,5066,4332,"102Y9M"
"65000","新北市","65000140","蘆洲區",68052,199460,98397,101063,"102Y9M"
"65000","新北市","65000080","鶯歌區",28792,88542,44485,44057,"102Y9M"
"10018","新竹市","10018020","北區",53338,147854,72754,75100,"102Y9M"
"10018","新竹市","10018010","東區",73360,204077,100580,103497,"102Y9M"
"10018","新竹市","10018030","香山區",24983,75630,38541,37089,"102Y9M"
"10004","新竹縣","10004130","五峰鄉",1729,4511,2482,2029,"102Y9M"
"10004","新竹縣","10004090","北埔鄉",3150,9857,5325,4532,"102Y9M"
"10004","新竹縣","10004120","尖石鄉",2797,9035,4831,4204,"102Y9M"
"10004","新竹縣","10004010","竹北市",54755,157552,78717,78835,"102Y9M"
"10004","新竹縣","10004020","竹東鎮",31919,96478,48561,47917,"102Y9M"
"10004","新竹縣","10004070","芎林鄉",6400,20286,10702,9584,"102Y9M"
"10004","新竹縣","10004110","峨眉鄉",2063,5767,3208,2559,"102Y9M"
"10004","新竹縣","10004050","湖口鄉",24669,76675,38982,37693,"102Y9M"
"10004","新竹縣","10004030","新埔鎮",10586,34740,18451,16289,"102Y9M"
"10004","新竹縣","10004060","新豐鄉",17040,55249,28358,26891,"102Y9M"
"10004","新竹縣","10004080","橫山鄉",4511,13939,7549,6390,"102Y9M"
"10004","新竹縣","10004040","關西鎮",9503,31010,16529,14481,"102Y9M"
"10004","新竹縣","10004100","寶山鄉",5022,14076,7615,6461,"102Y9M"
"10020","嘉義市","10020020","西區",52608,147096,72475,74621,"102Y9M"
"10020","嘉義市","10020010","東區",45027,124010,60366,63644,"102Y9M"
"10010","嘉義縣","10010040","大林鎮",11401,32670,16755,15915,"102Y9M"
"10010","嘉義縣","10010170","大埔鄉",1933,4539,2356,2183,"102Y9M"
"10010","嘉義縣","10010130","中埔鄉",15882,46746,24371,22375,"102Y9M"
"10010","嘉義縣","10010080","六腳鄉",9077,25026,13265,11761,"102Y9M"
"10010","嘉義縣","10010010","太保市",11942,37019,19091,17928,"102Y9M"
"10010","嘉義縣","10010120","水上鄉",17712,51324,26499,24825,"102Y9M"
"10010","嘉義縣","10010030","布袋鎮",10180,28782,14773,14009,"102Y9M"
"10010","嘉義縣","10010050","民雄鄉",23680,72138,36954,35184,"102Y9M"
"10010","嘉義縣","10010020","朴子市",15240,43676,22129,21547,"102Y9M"
"10010","嘉義縣","10010140","竹崎鄉",11534,37470,19992,17478,"102Y9M"
"10010","嘉義縣","10010090","東石鄉",9466,26386,14021,12365,"102Y9M"
"10010","嘉義縣","10010180","阿里山鄉",1936,5717,3044,2673,"102Y9M"
"10010","嘉義縣","10010150","梅山鄉",6784,20630,10940,9690,"102Y9M"
"10010","嘉義縣","10010110","鹿草鄉",5845,16675,8944,7731,"102Y9M"
"10010","嘉義縣","10010160","番路鄉",4302,12190,6618,5572,"102Y9M"
"10010","嘉義縣","10010070","新港鄉",10550,33550,17735,15815,"102Y9M"
"10010","嘉義縣","10010060","溪口鄉",5428,15585,8291,7294,"102Y9M"
"10010","嘉義縣","10010100","義竹鄉",7560,19881,10349,9532,"102Y9M"
"10007","彰化縣","10007180","二水鄉",5363,16018,8420,7598,"102Y9M"
"10007","彰化縣","10007200","二林鎮",14716,52880,27285,25595,"102Y9M"
"10007","彰化縣","10007130","大村鄉",10604,36429,18915,17514,"102Y9M"
"10007","彰化縣","10007240","大城鄉",5366,18089,9807,8282,"102Y9M"
"10007","彰化縣","10007190","北斗鎮",10275,33181,16769,16412,"102Y9M"
"10007","彰化縣","10007160","永靖鄉",10715,38606,20089,18517,"102Y9M"
"10007","彰化縣","10007120","田中鎮",12838,43197,22395,20802,"102Y9M"
"10007","彰化縣","10007210","田尾鄉",7806,28005,14562,13443,"102Y9M"
"10007","彰化縣","10007250","竹塘鄉",4625,16036,8457,7579,"102Y9M"
"10007","彰化縣","10007050","伸港鄉",9368,36093,18491,17602,"102Y9M"
"10007","彰化縣","10007070","秀水鄉",10183,39339,20304,19035,"102Y9M"
"10007","彰化縣","10007030","和美鎮",25399,90475,46332,44143,"102Y9M"
"10007","彰化縣","10007170","社頭鄉",12601,43917,22555,21362,"102Y9M"
"10007","彰化縣","10007230","芳苑鄉",10090,35168,18646,16522,"102Y9M"
"10007","彰化縣","10007080","花壇鄉",13470,45997,23669,22328,"102Y9M"
"10007","彰化縣","10007090","芬園鄉",6871,24293,12806,11487,"102Y9M"
"10007","彰化縣","10007100","員林鎮",37941,124861,62603,62258,"102Y9M"
"10007","彰化縣","10007150","埔心鄉",10242,35074,18109,16965,"102Y9M"
"10007","彰化縣","10007140","埔鹽鄉",8995,33524,17598,15926,"102Y9M"
"10007","彰化縣","10007220","埤頭鄉",8843,31269,16293,14976,"102Y9M"
"10007","彰化縣","10007020","鹿港鎮",23324,86081,43947,42134,"102Y9M"
"10007","彰化縣","10007260","溪州鄉",8848,30962,16281,14681,"102Y9M"
"10007","彰化縣","10007110","溪湖鎮",15765,55822,28461,27361,"102Y9M"
"10007","彰化縣","10007010","彰化市",74406,236282,117309,118973,"102Y9M"
"10007","彰化縣","10007060","福興鄉",12387,47973,25058,22915,"102Y9M"
"10007","彰化縣","10007040","線西鄉",4241,17089,8829,8260,"102Y9M"
"66000","臺中市","66000110","大甲區",22297,77888,39453,38435,"102Y9M"
"66000","臺中市","66000220","大安區",5323,19776,10395,9381,"102Y9M"
"66000","臺中市","66000240","大肚區",16471,55961,28665,27296,"102Y9M"
"66000","臺中市","66000280","大里區",65439,204594,101131,103463,"102Y9M"
"66000","臺中市","66000180","大雅區",27386,91868,46100,45768,"102Y9M"
"66000","臺中市","66000010","中區",7987,20120,9989,10131,"102Y9M"
"66000","臺中市","66000270","太平區",57901,178414,89158,89256,"102Y9M"
"66000","臺中市","66000080","北屯區",89373,255303,123299,132004,"102Y9M"
"66000","臺中市","66000050","北區",57712,147914,71360,76554,"102Y9M"
"66000","臺中市","66000210","外埔區",9159,31764,16330,15434,"102Y9M"
"66000","臺中市","66000200","石岡區",4896,15650,8141,7509,"102Y9M"
"66000","臺中市","66000150","后里區",15222,54020,27586,26434,"102Y9M"
"66000","臺中市","66000060","西屯區",78314,214855,103643,111212,"102Y9M"
"66000","臺中市","66000040","西區",44512,116412,55544,60868,"102Y9M"
"66000","臺中市","66000130","沙鹿區",26259,86134,43751,42383,"102Y9M"
"66000","臺中市","66000290","和平區",4390,10569,5692,4877,"102Y9M"
"66000","臺中市","66000020","東區",26768,74383,37265,37118,"102Y9M"
"66000","臺中市","66000100","東勢區",17205,52039,26940,25099,"102Y9M"
"66000","臺中市","66000070","南屯區",56823,159578,76884,82694,"102Y9M"
"66000","臺中市","66000030","南區",44851,117933,57041,60892,"102Y9M"
"66000","臺中市","66000230","烏日區",21871,70556,35721,34835,"102Y9M"
"66000","臺中市","66000160","神岡區",18405,64877,33272,31605,"102Y9M"
"66000","臺中市","66000140","梧棲區",16507,55949,28266,27683,"102Y9M"
"66000","臺中市","66000120","清水區",25824,85953,44276,41677,"102Y9M"
"66000","臺中市","66000190","新社區",7446,25309,13185,12124,"102Y9M"
"66000","臺中市","66000170","潭子區",34136,104291,51775,52516,"102Y9M"
"66000","臺中市","66000250","龍井區",21649,75412,38296,37116,"102Y9M"
"66000","臺中市","66000090","豐原區",51377,165981,82251,83730,"102Y9M"
"66000","臺中市","66000260","霧峰區",19276,64162,32826,31336,"102Y9M"
"63000","臺北市","63000110","士林區",104693,289222,140099,149123,"102Y9M"
"63000","臺北市","63000060","大同區",50460,129498,63494,66004,"102Y9M"
"63000","臺北市","63000030","大安區",119481,313168,146916,166252,"102Y9M"
"63000","臺北市","63000040","中山區",97272,228392,106900,121492,"102Y9M"
"63000","臺北市","63000050","中正區",64576,162904,78191,84713,"102Y9M"
"63000","臺北市","63000100","內湖區",103603,282107,135391,146716,"102Y9M"
"63000","臺北市","63000080","文山區",101867,270750,130663,140087,"102Y9M"
"63000","臺北市","63000120","北投區",93719,254959,123538,131421,"102Y9M"
"63000","臺北市","63000010","松山區",79801,210003,99347,110656,"102Y9M"
"63000","臺北市","63000020","信義區",88405,228067,109503,118564,"102Y9M"
"63000","臺北市","63000090","南港區",45014,119527,58463,61064,"102Y9M"
"63000","臺北市","63000070","萬華區",77093,192987,95690,97297,"102Y9M"
"10014","臺東縣","10014100","大武鄉",2512,6515,3400,3115,"102Y9M"
"10014","臺東縣","10014090","太麻里鄉",4596,11628,6175,5453,"102Y9M"
"10014","臺東縣","10014020","成功鎮",5439,15064,7962,7102,"102Y9M"
"10014","臺東縣","10014060","池上鄉",3279,8697,4584,4113,"102Y9M"
"10014","臺東縣","10014040","卑南鄉",6625,17741,9471,8270,"102Y9M"
"10014","臺東縣","10014130","延平鄉",1071,3543,1912,1631,"102Y9M"
"10014","臺東縣","10014070","東河鄉",3739,9037,5020,4017,"102Y9M"
"10014","臺東縣","10014140","金峰鄉",1088,3505,1824,1681,"102Y9M"
"10014","臺東縣","10014080","長濱鄉",2919,7774,4432,3342,"102Y9M"
"10014","臺東縣","10014120","海端鄉",1090,4357,2368,1989,"102Y9M"
"10014","臺東縣","10014050","鹿野鄉",3128,8247,4441,3806,"102Y9M"
"10014","臺東縣","10014150","達仁鄉",1484,3775,2058,1717,"102Y9M"
"10014","臺東縣","10014110","綠島鄉",1083,3512,1858,1654,"102Y9M"
"10014","臺東縣","10014010","臺東市",38651,107415,54155,53260,"102Y9M"
"10014","臺東縣","10014030","關山鎮",3254,9312,4882,4430,"102Y9M"
"10014","臺東縣","10014160","蘭嶼鄉",1676,4867,2487,2380,"102Y9M"
"67000","臺南市","67000150","七股區",8126,23889,12458,11431,"102Y9M"
"67000","臺南市","67000080","下營區",9119,25374,13084,12290,"102Y9M"
"67000","臺南市","67000110","大內區",4028,10451,5571,4880,"102Y9M"
"67000","臺南市","67000220","山上區",2717,7601,3981,3620,"102Y9M"
"67000","臺南市","67000370","中西區",30795,78562,38318,40244,"102Y9M"
"67000","臺南市","67000270","仁德區",26250,72260,36863,35397,"102Y9M"
"67000","臺南市","67000090","六甲區",7759,23249,12071,11178,"102Y9M"
"67000","臺南市","67000170","北門區",4397,11915,6008,5907,"102Y9M"
"67000","臺南市","67000340","北區",49337,132253,64835,67418,"102Y9M"
"67000","臺南市","67000260","左鎮區",1993,5229,2931,2298,"102Y9M"
"67000","臺南市","67000310","永康區",79994,226309,112007,114302,"102Y9M"
"67000","臺南市","67000230","玉井區",5136,14862,7747,7115,"102Y9M"
"67000","臺南市","67000030","白河區",11005,30291,15874,14417,"102Y9M"
"67000","臺南市","67000360","安平區",24248,64584,30853,33731,"102Y9M"
"67000","臺南市","67000210","安定區",9655,30278,15619,14659,"102Y9M"
"67000","臺南市","67000350","安南區",58646,184854,93641,91213,"102Y9M"
"67000","臺南市","67000140","西港區",7957,24927,12653,12274,"102Y9M"
"67000","臺南市","67000120","佳里區",19985,59334,29474,29860,"102Y9M"
"67000","臺南市","67000100","官田區",7744,21808,11169,10639,"102Y9M"
"67000","臺南市","67000060","東山區",8290,22270,11801,10469,"102Y9M"
"67000","臺南市","67000320","東區",71959,191790,92396,99394,"102Y9M"
"67000","臺南市","67000250","南化區",2841,8857,4830,4027,"102Y9M"
"67000","臺南市","67000330","南區",44359,125640,62683,62957,"102Y9M"
"67000","臺南市","67000050","後壁區",8951,25002,13024,11978,"102Y9M"
"67000","臺南市","67000040","柳營區",7802,22013,11477,10536,"102Y9M"
"67000","臺南市","67000160","將軍區",7389,20852,10629,10223,"102Y9M"
"67000","臺南市","67000070","麻豆區",15404,45264,23036,22228,"102Y9M"
"67000","臺南市","67000190","善化區",15607,44916,22646,22270,"102Y9M"
"67000","臺南市","67000180","新化區",14065,43858,22463,21395,"102Y9M"
"67000","臺南市","67000200","新市區",11353,35314,17773,17541,"102Y9M"
"67000","臺南市","67000010","新營區",28175,78479,38975,39504,"102Y9M"
"67000","臺南市","67000240","楠西區",3550,10175,5411,4764,"102Y9M"
"67000","臺南市","67000130","學甲區",9683,27274,13959,13315,"102Y9M"
"67000","臺南市","67000300","龍崎區",1588,4337,2349,1988,"102Y9M"
"67000","臺南市","67000280","歸仁區",21657,67103,34150,32953,"102Y9M"
"67000","臺南市","67000290","關廟區",10848,35141,18187,16954,"102Y9M"
"67000","臺南市","67000020","鹽水區",10032,26488,13814,12674,"102Y9M"
"10016","澎湖縣","10016060","七美鄉",1295,3635,1898,1737,"102Y9M"
"10016","澎湖縣","10016030","白沙鄉",3263,9569,5027,4542,"102Y9M"
"10016","澎湖縣","10016040","西嶼鄉",2907,8374,4306,4068,"102Y9M"
"10016","澎湖縣","10016010","馬公市",21909,58834,29873,28961,"102Y9M"
"10016","澎湖縣","10016050","望安鄉",1996,5010,2702,2308,"102Y9M"
"10016","澎湖縣","10016020","湖西鄉",5154,14094,7376,6718,"102Y9M"
